﻿Username,Firstname,Lastname,OU,Password,Email
ABIJITH.K,ABIJITH,K,WiproDCHB2,pass@word1,ABIJITH.K@training.com
Aiswarya.A.R,Aiswarya,A,WiproDCHB2,pass@word1,Aiswarya.A.R@training.com
Anil.Kumar.S.R,Anil,Kumar,WiproDCHB2,pass@word1,Anil.Kumar.S.R@training.com
Anuja.Sunil.Gaikwad,Anuja,Sunil,WiproDCHB2,pass@word1,Anuja.Sunil.Gaikwad@training.com
Ashar.kamal.Khan,Ashar,kamal,WiproDCHB2,pass@word1,Ashar.kamal.Khan@training.com
Boddu.Jaswanth,Boddu,Jaswanth,WiproDCHB2,pass@word1,Boddu.Jaswanth@training.com
Chetan.Sadanand.Patange,Chetan,Sadanand,WiproDCHB2,pass@word1,Chetan.Sadanand.Patange@training.com
Dhanush.P.S,Dhanush,P,WiproDCHB2,pass@word1,Dhanush.P.S@training.com
Dharsini.Krishnamoorthy,Dharsini,Krishnamoorthy,WiproDCHB2,pass@word1,Dharsini.Krishnamoorthy@training.com
Disha.K,Disha,K,WiproDCHB2,pass@word1,Disha.K@training.com
Dola.Amulya,Dola,Amulya,WiproDCHB2,pass@word1,Dola.Amulya@training.com
Dudekula.Mohammed.Shafi,Mohammed,Shafi,WiproDCHB2,pass@word1,Dudekula.Mohammed.Shafi@training.com
Ganesh.Pandurang.Bomanale,Ganesh,Pandurang,WiproDCHB2,pass@word1,Ganesh.Pandurang.Bomanale@training.com
Geeta.Pandurang.Yadav,Geeta,Pandurang,WiproDCHB2,pass@word1,Geeta.Pandurang.Yadav@training.com
Harshal.Rajaram.Mali,Harshal,Rajaram,WiproDCHB2,pass@word1,Harshal.Rajaram.Mali@training.com
Jampana.Sri.Lakshmi.Purvaja,Jampana,Sri,WiproDCHB2,pass@word1,Jampana.Sri.Lakshmi.Purvaja@training.com
Jeevana.Ganapati.Patgar,Jeevana,Ganapati,WiproDCHB2,pass@word1,Jeevana.Ganapati.Patgar@training.com
Kalluri.Keerthi,Kalluri,Keerthi,WiproDCHB2,pass@word1,Kalluri.Keerthi@training.com
Kalyani.Dipak.Pansare,Kalyani,Dipak,WiproDCHB2,pass@word1,Kalyani.Dipak.Pansare@training.com
Khushi.C.S,Khushi,C,WiproDCHB2,pass@word1,Khushi.C.S@training.com
Kolli.Chaturya,Kolli,Chaturya,WiproDCHB2,pass@word1,Kolli.Chaturya@training.com
Koppula.Nithin.Raj,Koppula,Nithin,WiproDCHB2,pass@word1,Koppula.Nithin.Raj@training.com
Laura.Rachel.Geogy,Laura,Rachel,WiproDCHB2,pass@word1,Laura.Rachel.Geogy@training.com
Lingipalli.Lokeshwari,Lingipalli,Lokeshwari,WiproDCHB2,pass@word1,Lingipalli.Lokeshwari@training.com
LIPSITA.PANDA,LIPSITA,PANDA,WiproDCHB2,pass@word1,LIPSITA.PANDA@training.com
MATAM.POOJITHA,MATAM,POOJITHA,WiproDCHB2,pass@word1,MATAM.POOJITHA@training.com
Mithila.Santosh.Patil,Mithila,Santosh,WiproDCHB2,pass@word1,Mithila.Santosh.Patil@training.com
Mohammed.Abrar,Mohammed,Abrar,WiproDCHB2,pass@word1,Mohammed.Abrar@training.com
Mohammed.Umar,Mohammed,Umar,WiproDCHB2,pass@word1,Mohammed.Umar@training.com
NAYAN.SINGH.RAWAT,NAYAN,SINGH,WiproDCHB2,pass@word1,NAYAN.SINGH.RAWAT@training.com
PRANUSHA.KOTILINGALA,PRANUSHA,KOTILINGALA,WiproDCHB2,pass@word1,PRANUSHA.KOTILINGALA@training.com
Prasthutha.Mushini,Prasthutha,Mushini,WiproDCHB2,pass@word1,Prasthutha.Mushini@training.com
Ramachandiran.S,Ramachandiran,S,WiproDCHB2,pass@word1,Ramachandiran.S@training.com
RAMITH.K.C,RAMITH,K,WiproDCHB2,pass@word1,RAMITH.K.C@training.com
Ranjith.Kumar.Reddy.D,Ranjith,Kumar,WiproDCHB2,pass@word1,Ranjith.Kumar.Reddy.D@training.com
Ritesh.Arun.Naykal,Ritesh,Arun,WiproDCHB2,pass@word1,Ritesh.Arun.Naykal@training.com
Sama.Jahnavi,Sama,Jahnavi,WiproDCHB2,pass@word1,Sama.Jahnavi@training.com
Sanjana.S,Sanjana,S,WiproDCHB2,pass@word1,Sanjana.S@training.com
Sanket.Mali,Sanket,Mali,WiproDCHB2,pass@word1,Sanket.Mali@training.com
Sarathi.R.M,Sarathi,R,WiproDCHB2,pass@word1,Sarathi.R.M@training.com
SAURABH.TULSHIRAM.CHAVAN,SAURABH,TULSHIRAM,WiproDCHB2,pass@word1,SAURABH.TULSHIRAM.CHAVAN@training.com
shamsundar.ashok.sable,shamsundar,ashok,WiproDCHB2,pass@word1,shamsundar.ashok.sable@training.com
Shivatmika.Mamidala,Shivatmika,Mamidala,WiproDCHB2,pass@word1,Shivatmika.Mamidala@training.com
SILLA.CHANDANA,SILLA,CHANDANA,WiproDCHB2,pass@word1,SILLA.CHANDANA@training.com
Sneha.Das,Sneha,Das,WiproDCHB2,pass@word1,Sneha.Das@training.com
suparna,suparna,,WiproDCHB2,pass@word1,suparna@training.com
Swapna.Jaya.Sri.Pilla,Swapna,Jaya,WiproDCHB2,pass@word1,Swapna.Jaya.Sri.Pilla@training.com
Swathi.R,Swathi,R,WiproDCHB2,pass@word1,Swathi.R@training.com
Tejasree.Rajana,Tejasree,Rajana,WiproDCHB2,pass@word1,Tejasree.Rajana@training.com
Thirumoorthi.Nallasamy,Thirumoorthi,Nallasamy,WiproDCHB2,pass@word1,Thirumoorthi.Nallasamy@training.com
VARRI.MANASA,VARRI,MANASA,WiproDCHB2,pass@word1,VARRI.MANASA@training.com
Vegi.Sravani,Vegi,Sravani,WiproDCHB2,pass@word1,Vegi.Sravani@training.com
Vishnu.K,Vishnu,K,WiproDCHB2,pass@word1,Vishnu.K@training.com
